{"2":[-121.901779,37.329731,"San Jose Diridon Caltrain Station",12.5],"3":[-121.888977,37.330696,"San Jose Civic Center",2.2],"4":[-121.894905,37.333988,"Santa Clara at Almaden",5.2],"5":[-121.893204,37.331413,"Adobe on Almaden",1.9],"6":[-121.894073,37.336720,"San Pedro Square",4.1],"7":[-121.886940,37.333797,"Paseo de San Antonio",3.7],"8":[-121.885834,37.330166,"San Salvador at 1st",3.3],"9":[-121.894714,37.348743,"Japantown",2.8],"10":[-121.886993,37.337391,"San Jose City Hall",4.2],"11":[-121.885658,37.335884,"MLK Library",2.5],"12":[-121.883888,37.332809,"SJSU 4th at San Carlos",1.9],"13":[-121.889938,37.339302,"St James Park",2.3],"14":[-121.900085,37.332691,"Arena Green / SAP Center",2.3],"16":[-121.877350,37.333954,"SJSU - San Salvador at 9th",2.7],"21":[-122.226906,37.481758,"Franklin at Maple",0.4],"22":[-122.232086,37.486076,"Redwood City Caltrain Station",1.8],"23":[-122.231064,37.488503,"San Mateo County Center",0.4],"24":[-122.227425,37.484219,"Redwood City Public Library",0.3],"25":[-122.225548,37.486725,"Broadway at Main",0.2],"26":[-122.223495,37.487682,"Redwood City Medical Center",0.4],"27":[-122.081894,37.389217,"Mountain View City Hall",3.8],"28":[-122.076714,37.394360,"Mountain View Caltrain Station",8.1],"29":[-122.106758,37.406940,"San Antonio Caltrain Station",2.5],"30":[-122.066551,37.390278,"Evelyn Park and Ride",1.9],"31":[-122.108337,37.400444,"San Antonio Shopping Center",2.0],"32":[-122.083679,37.385956,"Castro Street and El Camino Real",2.2],"33":[-122.099075,37.400242,"Rengstorff Avenue / California Street",1.7],"34":[-122.164757,37.443989,"Palo Alto Caltrain Station",2.7],"35":[-122.163094,37.444523,"University and Emerson",2.5],"36":[-122.142807,37.429081,"California Ave Caltrain Station",1.7],"37":[-122.159508,37.448597,"Cowper at University",2.2],"38":[-122.137779,37.425686,"Park at Olive",1.0],"41":[-122.399971,37.795002,"Clay at Battery",13.5],"42":[-122.398438,37.797279,"Davis at Jackson",13.2],"45":[-122.402924,37.794231,"Commercial at Montgomery",16.0],"46":[-122.404770,37.795425,"Washington at Kearney",8.4],"47":[-122.403450,37.788975,"Post at Kearney",12.9],"48":[-122.398521,37.799953,"Embarcadero at Vallejo",15.1],"49":[-122.390266,37.789623,"Spear at Folsom",17.3],"50":[-122.394203,37.795391,"Harry Bridges Plaza (Ferry Building)",42.7],"51":[-122.391037,37.791466,"Embarcadero at Folsom",17.6],"53":[-122.408432,37.783871,"Powell Street BART",10.4],"54":[-122.388016,37.787151,"Embarcadero at Bryant",19.9],"55":[-122.394646,37.789757,"Temporary Transbay Terminal (Howard at Beale)",31.7],"56":[-122.397087,37.792252,"Beale at Market",20.0],"57":[-122.405128,37.781754,"5th at Howard",15.8],"58":[-122.418236,37.778648,"San Francisco City Hall",6.8],"59":[-122.418602,37.781330,"Golden Gate at Polk",10.1],"60":[-122.403236,37.804771,"Embarcadero at Sansome",36.9],"61":[-122.390289,37.780525,"2nd at Townsend",32.1],"62":[-122.396233,37.785297,"2nd at Folsom",21.6],"63":[-122.398109,37.786980,"Howard at 2nd",17.7],"64":[-122.392738,37.782261,"2nd at South Park",24.6],"65":[-122.402718,37.771057,"Townsend at 7th",27.1],"66":[-122.418953,37.774815,"South Van Ness at Market",19.1],"67":[-122.417381,37.776619,"Market at 10th",22.8],"68":[-122.401016,37.784878,"Yerba Buena Center of the Arts (3rd @ Howard)",15.6],"69":[-122.396072,37.776379,"San Francisco Caltrain 2 (330 Townsend)",32.6],"70":[-122.395569,37.776318,"San Francisco Caltrain (Townsend at 4th)",62.0],"71":[-122.408501,37.788445,"Powell at Post (Union Square)",16.5],"72":[-122.412918,37.780357,"Civic Center BART (7th at Market)",17.3],"73":[-122.407242,37.798523,"Grant Avenue at Columbus Avenue",21.7],"74":[-122.394432,37.794140,"Steuart at Market",30.3],"75":[-122.399048,37.791302,"Mechanics Plaza (Market at Battery)",16.6],"76":[-122.404968,37.786304,"Market at 4th",27.9],"77":[-122.400810,37.789623,"Market at Sansome",34.7],"80":[-121.905731,37.352600,"San Jose Government Center",0.9],"82":[-122.400864,37.798542,"Broadway St at Battery St",7.2],"83":[-122.236237,37.491268,"Mezes Park",0.4],"84":[-121.895615,37.342724,"Ryland Park",1.7]}